<keymap version="1" name="macOS copy" parent="Mac OS X 10.5+">
  <action id="ActivateBookmarksToolWindow" />
  <action id="ActivateFindToolWindow" />
  <action id="ActivateTerminalToolWindow">
    <keyboard-shortcut first-keystroke="alt f12" />
    <keyboard-shortcut first-keystroke="meta 2" />
  </action>
  <action id="ChangesView.ShelveSilently" />
  <action id="Console.TableResult.NextPage" />
  <action id="Console.TableResult.PreviousPage" />
  <action id="DuplicatesForm.SendToRight" />
  <action id="EditorDown">
    <keyboard-shortcut first-keystroke="down" />
    <keyboard-shortcut first-keystroke="ctrl n" />
    <keyboard-shortcut first-keystroke="alt j" />
  </action>
  <action id="EditorDownWithSelection">
    <keyboard-shortcut first-keystroke="shift down" />
    <keyboard-shortcut first-keystroke="shift alt j" />
  </action>
  <action id="EditorLeft">
    <keyboard-shortcut first-keystroke="left" />
    <keyboard-shortcut first-keystroke="ctrl b" />
    <keyboard-shortcut first-keystroke="alt h" />
  </action>
  <action id="EditorLineEndWithSelection">
    <keyboard-shortcut first-keystroke="shift meta right" />
    <keyboard-shortcut first-keystroke="shift end" />
    <keyboard-shortcut first-keystroke="shift meta l" />
  </action>
  <action id="EditorLineStartWithSelection">
    <keyboard-shortcut first-keystroke="shift meta left" />
    <keyboard-shortcut first-keystroke="shift home" />
    <keyboard-shortcut first-keystroke="shift meta h" />
  </action>
  <action id="EditorNextWordWithSelection">
    <keyboard-shortcut first-keystroke="shift alt right" />
    <keyboard-shortcut first-keystroke="shift ctrl alt f" />
    <keyboard-shortcut first-keystroke="shift alt l" />
  </action>
  <action id="EditorPreviousWordWithSelection">
    <keyboard-shortcut first-keystroke="shift alt left" />
    <keyboard-shortcut first-keystroke="shift ctrl alt b" />
    <keyboard-shortcut first-keystroke="shift alt h" />
  </action>
  <action id="EditorRight">
    <keyboard-shortcut first-keystroke="right" />
    <keyboard-shortcut first-keystroke="ctrl f" />
    <keyboard-shortcut first-keystroke="alt l" />
  </action>
  <action id="EditorUp">
    <keyboard-shortcut first-keystroke="up" />
    <keyboard-shortcut first-keystroke="ctrl p" />
    <keyboard-shortcut first-keystroke="alt k" />
  </action>
  <action id="EditorUpWithSelection">
    <keyboard-shortcut first-keystroke="shift up" />
    <keyboard-shortcut first-keystroke="shift alt k" />
  </action>
  <action id="FileChooser.GotoModule" />
  <action id="FileChooser.GotoProject" />
  <action id="Git.ResolveConflicts">
    <keyboard-shortcut first-keystroke="ctrl meta c" />
  </action>
  <action id="JumpDown 20">
    <keyboard-shortcut first-keystroke="ctrl meta alt down" />
  </action>
  <action id="JumpDown 5">
    <keyboard-shortcut first-keystroke="meta alt down" />
  </action>
  <action id="JumpDownSelect 20">
    <keyboard-shortcut first-keystroke="shift ctrl meta alt down" />
  </action>
  <action id="JumpDownSelect 5">
    <keyboard-shortcut first-keystroke="shift meta alt down" />
  </action>
  <action id="JumpUp 20">
    <keyboard-shortcut first-keystroke="ctrl meta alt up" />
  </action>
  <action id="JumpUp 5">
    <keyboard-shortcut first-keystroke="meta alt up" />
  </action>
  <action id="JumpUpSelect 20">
    <keyboard-shortcut first-keystroke="shift ctrl meta alt up" />
  </action>
  <action id="JumpUpSelect 5">
    <keyboard-shortcut first-keystroke="shift meta alt up" />
  </action>
  <action id="List-selectNextColumnExtendSelection">
    <keyboard-shortcut first-keystroke="shift right" />
  </action>
  <action id="List-selectPreviousRow">
    <keyboard-shortcut first-keystroke="up" />
    <keyboard-shortcut first-keystroke="ctrl p" />
    <keyboard-shortcut first-keystroke="alt k" />
  </action>
  <action id="MethodHierarchy" />
  <action id="MethodHierarchy.BaseOnThisMethod" />
  <action id="NavBar-selectUp">
    <keyboard-shortcut first-keystroke="up" />
    <keyboard-shortcut first-keystroke="ctrl p" />
    <keyboard-shortcut first-keystroke="alt k" />
  </action>
  <action id="NextOccurence" />
  <action id="NextTab">
    <keyboard-shortcut first-keystroke="shift meta close_bracket" />
  </action>
  <action id="NextWindow" />
  <action id="PopupMenu-selectPrevious">
    <keyboard-shortcut first-keystroke="up" />
    <keyboard-shortcut first-keystroke="ctrl p" />
    <keyboard-shortcut first-keystroke="alt k" />
  </action>
  <action id="PreviousOccurence" />
  <action id="PreviousTab">
    <keyboard-shortcut first-keystroke="shift meta open_bracket" />
  </action>
  <action id="SelectInProjectView">
    <keyboard-shortcut first-keystroke="meta #10000a7" />
    <keyboard-shortcut first-keystroke="meta back_quote" />
  </action>
  <action id="SplitChooser.SplitTop">
    <keyboard-shortcut first-keystroke="up" />
    <keyboard-shortcut first-keystroke="ctrl p" />
    <keyboard-shortcut first-keystroke="alt k" />
  </action>
  <action id="Table-selectNextColumnExtendSelection">
    <keyboard-shortcut first-keystroke="shift right" />
  </action>
  <action id="Table-selectPreviousColumnExtendSelection">
    <keyboard-shortcut first-keystroke="shift left" />
  </action>
  <action id="Table-selectPreviousRow">
    <keyboard-shortcut first-keystroke="up" />
    <keyboard-shortcut first-keystroke="ctrl p" />
    <keyboard-shortcut first-keystroke="alt k" />
  </action>
  <action id="Tree-selectParentExtendSelection">
    <keyboard-shortcut first-keystroke="shift left" />
  </action>
  <action id="Tree-selectPrevious">
    <keyboard-shortcut first-keystroke="up" />
    <keyboard-shortcut first-keystroke="ctrl p" />
    <keyboard-shortcut first-keystroke="alt k" />
  </action>
  <action id="copilot.chat.show">
    <keyboard-shortcut first-keystroke="meta 3" />
  </action>
  <action id="copilot.disposeInlays" />
</keymap>